seller_id,seller_name,seller_link
56243,SOTAGO,https://tiki.vn/cua-hang/sohogo
113077,muasam 247,https://tiki.vn/cua-hang/muasam-247
145228,Play With Me,https://tiki.vn/cua-hang/play-with-me
285428,MCBooks Sài Gòn,https://tiki.vn/cua-hang/mcbooks-sai-gon
208140,Hiệu sách Gen books,https://tiki.vn/cua-hang/hieu-sach-gen-books
93596,Bookstorehn247,https://tiki.vn/cua-hang/bookstorehn247
3850,Sách Luật VN,https://tiki.vn/cua-hang/sach-luat-vn
95974,Văn phòng phẩm Vinhempich TCKT,https://tiki.vn/cua-hang/van-phong-pham-vinhempich-tckt
277908,The Present Writer,https://tiki.vn/cua-hang/the-present-writer
1565,Tri Thức Trẻ Books,https://tiki.vn/cua-hang/tri-thuc-tre-books
34429,NewShop Official,https://tiki.vn/cua-hang/newshopvn
341564,Cửa Hàng Gia Dụng PHÁT PHÚC,https://tiki.vn/cua-hang/cua-hang-gia-dung-phat-phuc
126428,The 1991 Book,https://tiki.vn/cua-hang/the-1991-book
291194,Linh Lan Books,https://tiki.vn/cua-hang/linh-lan-books
193489,Bách Việt Bookstore,https://tiki.vn/cua-hang/bach-viet-bookstore
262452,Vizibook,https://tiki.vn/cua-hang/vizibook
293953,DEMEDI Bookshop,https://tiki.vn/cua-hang/demedi-bookshop
146747,Noli Handmade,https://tiki.vn/cua-hang/noli-handmade
25557,Saigon Books Official,https://tiki.vn/cua-hang/saigon-books-official
26874,Phương Đông Books,https://tiki.vn/cua-hang/phuong-dong-books
256173,Thiện Ngôn Book,https://tiki.vn/cua-hang/thien-ngon-book
130520,Bookstore Trí Tuệ Việt,https://tiki.vn/cua-hang/bookstore-tri-tue-viet
262105,Homecare247,https://tiki.vn/cua-hang/homecare247
37,Nhà Sách Lao Động,https://tiki.vn/cua-hang/nha-sach-lao-dong
17480,Ghế Nam Việt,https://tiki.vn/cua-hang/ghe-nam-viet
97441,Luckky Shop,https://tiki.vn/cua-hang/luckky-shop
264288,Trà Đá,https://tiki.vn/cua-hang/tra-da
49701,Tâm Trí Lực,https://tiki.vn/cua-hang/tam-tri-luc
302309,Đào Tạo Tin Học,https://tiki.vn/cua-hang/dao-tao-tin-hoc
291297,FroodQ2,https://tiki.vn/cua-hang/froodq2
164395,Trạm đọc,https://tiki.vn/cua-hang/tram-doc
176141,Tủ Sách Của Con,https://tiki.vn/cua-hang/tu-sach-cua-con
179476,VPP Sài Gòn Vina,https://tiki.vn/cua-hang/vpp-sai-gon-vina
113115,Deli Official Store,https://tiki.vn/cua-hang/deli-official-store
271314,CUỐI TUẦN,https://tiki.vn/cua-hang/cuoi-tuan
192558,Thư Quán Hạnh Phúc,https://tiki.vn/cua-hang/thu-quan-hanh-phuc
131057,SHOP EDU,https://tiki.vn/cua-hang/shop-edu
173548,Sách Hay Cho Mọi Nhà,https://tiki.vn/cua-hang/sach-hay-cho-moi-nha-minishop
48197,Linchido Store,https://tiki.vn/cua-hang/linchido
335251,Phật học Thư quán,https://tiki.vn/cua-hang/phat-hoc-thu-quan
169273,Việt Thư Books,https://tiki.vn/cua-hang/viet-thu-books
978,An Lạc,https://tiki.vn/cua-hang/an-lac
97533,Nhà Sách Vĩnh Thụy,https://tiki.vn/cua-hang/nha-sach-vinh-thuy
48511,khangvietbook,https://tiki.vn/cua-hang/khangvietbook
237853,TS HCM STORE,https://tiki.vn/cua-hang/ts-hcm-store
164156,TYMBooks,https://tiki.vn/cua-hang/tymbooks
291266,KandK12 Shop,https://tiki.vn/cua-hang/kandk12-shop
2953,GIVER Books,https://tiki.vn/cua-hang/giver-books
215592,Book Hunter,https://tiki.vn/cua-hang/cong-ty-tnhh-lyceum
118231,Shop Mẹ Tí,https://tiki.vn/cua-hang/shop-me-ti
60209,VBooks,https://tiki.vn/cua-hang/vbooks
86720,Trao Tri thức Gặt Niềm tin,https://tiki.vn/cua-hang/bookmall
308250,thảo linh kiện,https://tiki.vn/cua-hang/thao-linh-kien
265811,NT Bookstore,https://tiki.vn/cua-hang/nt-bookstore
199916,VLC6 Store,https://tiki.vn/cua-hang/vlc6-store
336096,Tiệm sách Úp Cheng,https://tiki.vn/cua-hang/tiem-sach-up-cheng
47892,MonoShopVN,https://tiki.vn/cua-hang/monoshopvn
73105,PACE Books,https://tiki.vn/cua-hang/pace-books
302034,Acimex Books,https://tiki.vn/cua-hang/acimex-books
161219,Nhà Sách Trẻ Online,https://tiki.vn/cua-hang/nha-sach-tre-online
327938,BOOK SAI GON,https://tiki.vn/cua-hang/book-sai-gon
78919,Cẩm Hồng Comestic,https://tiki.vn/cua-hang/cam-hong-comestic
21989,Nhà sách Bảo Hưng,https://tiki.vn/cua-hang/4babies
10914,trungthanh2018,https://tiki.vn/cua-hang/trungthanh2018
184663,Sách Luật Online,https://tiki.vn/cua-hang/sach-luat-online
108828,Tiện ích 1708,https://tiki.vn/cua-hang/tien-ich-1708
179295,Quangvanbooks,https://tiki.vn/cua-hang/quangvanbooks
51555,Văn phòng phẩm Hai K,https://tiki.vn/cua-hang/van-phong-pham-hai-k
180143,Evi store - Thiên Long,https://tiki.vn/cua-hang/evi-store-thien-long
206733,BaoAn Home,https://tiki.vn/cua-hang/baoan-home
273172,Nhà sách Cát Tường,https://tiki.vn/cua-hang/nha-sach-cat-tuong
77878,ABon Shop,https://tiki.vn/cua-hang/abon-shop
140258,vpp chợ lớn,https://tiki.vn/cua-hang/vpp-cho-lon
116189,Chinh Phục Hạnh Phúc,https://tiki.vn/cua-hang/chinh-phuc-hanh-phuc
133753,Hy Hy Shop,https://tiki.vn/cua-hang/hy-hy-shop
308571,ATP Book,https://tiki.vn/cua-hang/atp-book
46,Chính Thông,https://tiki.vn/cua-hang/nhasachhoasen
7049,Muki,https://tiki.vn/cua-hang/muki
253489,Nhuagiadungso1,https://tiki.vn/cua-hang/nhuagiadungso1
286446,TIỆM SÁCH KHAI TÂM,https://tiki.vn/cua-hang/tiem-sach-khai-tam
96,Tân Việt,https://tiki.vn/cua-hang/tan-viet
21959,GREPACO,https://tiki.vn/cua-hang/grepacobags
156095,HaAnBooks,https://tiki.vn/cua-hang/haanbooks
73,CDIMEX,https://tiki.vn/cua-hang/cdimex
28867,vanphongphamgat,https://tiki.vn/cua-hang/vanphongphamgat
108905,Edmicro,https://tiki.vn/cua-hang/edmicro
272268,Gooda Official,https://tiki.vn/cua-hang/gooda-official
344900,TruBooks,https://tiki.vn/cua-hang/trubooks
288124,MCB Chumsachhoitu,https://tiki.vn/cua-hang/mcb-chumsachhoitu
5578,SCC Group,https://tiki.vn/cua-hang/scc-group
146243,ETS Books,https://tiki.vn/cua-hang/ets-books
7247,Alpha Books Official,https://tiki.vn/cua-hang/alphabooks-official
185035,1980Books Official,https://tiki.vn/cua-hang/1980books-official
273327,Gia dụng thông minh HH,https://tiki.vn/cua-hang/gia-dung-thong-minh-hh
131238,Tổng Kho MB,https://tiki.vn/cua-hang/tong-kho-mb
34746,Nhà Sách Đinh Lễ,https://tiki.vn/cua-hang/nha-sach-dinh-le
314155,SKY SKY Shop,https://tiki.vn/cua-hang/sky-sky-shop
300312,Hiệu sách Nhóc Miko,https://tiki.vn/cua-hang/hieu-sach-nhoc-miko
7734,NHBook,https://tiki.vn/cua-hang/nhbook
1231,Xunhasaba Thế giới Sách Ngoại văn,https://tiki.vn/cua-hang/xunhasaba-the-gioi-sach-ngoai-van
202931,Sách Cánh Diều,https://tiki.vn/cua-hang/sach-canh-dieu
128139,VPP Thiên Phúc,https://tiki.vn/cua-hang/vpp-thien-phuc
326534,SÁCH ĐẠI NAM,https://tiki.vn/cua-hang/sach-dai-nam
236693,Nano Store,https://tiki.vn/cua-hang/nano-store
137344,The King of Books,https://tiki.vn/cua-hang/the-king-of-books
116392,Đồ chơi giáo dục thông minh,https://tiki.vn/cua-hang/do-choi-giao-duc-thong-minh
127989,Times Books,https://tiki.vn/cua-hang/times-books
151027,Ngocmaibook,https://tiki.vn/cua-hang/ngocmaibook
203415,Gia Dụng Quốc Thịnh,https://tiki.vn/cua-hang/gia-dung-quoc-thinh
183311,HTH Store,https://tiki.vn/cua-hang/hth-store
327710,Nhà Sách Khai Minh,https://tiki.vn/cua-hang/nha-sach-khai-minh
205467,Tiệm sách Bảo Nam,https://tiki.vn/cua-hang/tiem-sach-bao-nam
10684,Sbooks,https://tiki.vn/cua-hang/sbooks
1308,Tazano Official Store,https://tiki.vn/cua-hang/sachbanchay
130987,Moonshine Shop,https://tiki.vn/cua-hang/moonshine-shop
9153,Tiệm Sách Cá Heo,https://tiki.vn/cua-hang/tiem-sach-ca-heo
147223,NovaBook,https://tiki.vn/cua-hang/novabook
273880,Happy Books HCM,https://tiki.vn/cua-hang/happy-books-hcm
15583,NhatPham0356,https://tiki.vn/cua-hang/nhatpham0356
298600,GD Tiến Phát,https://tiki.vn/cua-hang/gd-tien-phat
292504,Bách Hóa Gia Dụng Online2,https://tiki.vn/cua-hang/bach-hoa-gia-dung-online2
201101,TIẾN PHÁT STORE,https://tiki.vn/cua-hang/tien-phat-store
242408,TheChangmi,https://tiki.vn/cua-hang/mckids-chuyen-sach-thieu-nhi
59003,Chiemtinhtaichinh,https://tiki.vn/cua-hang/chiemtinhtaichinh
813,Châu An Phát Shop,https://tiki.vn/cua-hang/chau-an-phat-shop
178111,The Book Store,https://tiki.vn/cua-hang/the-book-store
7446,HappyLive,https://tiki.vn/cua-hang/happylive
127799,Đèn Pháo,https://tiki.vn/cua-hang/den-phao
172838,NhatPhatbooks,https://tiki.vn/cua-hang/nhatphatbooks
20367,VI TÍNH NAM TRUNG HẢI,https://tiki.vn/cua-hang/vi-tinh-nam-trung-hai
177515,kosuytu,https://tiki.vn/cua-hang/kosuytu
238693,Kho hàng Phú Lợi,https://tiki.vn/cua-hang/kho-hang-phu-loi
210077,smartsell3,https://tiki.vn/cua-hang/smartsell3
255104,BizbooksJSC,https://tiki.vn/cua-hang/bizbooksjsc
10872,Spiderum Store,https://tiki.vn/cua-hang/spiderum-store
67940,KHO SÁCH PDCA,https://tiki.vn/cua-hang/kho-sach-pdca
57167,Nhà sách NetaBooks,https://tiki.vn/cua-hang/nha-sach-netabooks
162387,MẸ VIỆT SHOP HN,https://tiki.vn/cua-hang/me-viet-shop-hn
138545,Tủ Sách Nhỏ,https://tiki.vn/cua-hang/tu-sach-nho
329759,TT Learning,https://tiki.vn/cua-hang/tt-learning
53660,Nhà sách Fahasa,https://tiki.vn/cua-hang/nha-sach-fahasa
218516,Retro21,https://tiki.vn/cua-hang/retro21
188779,Sáng Tạo Trẻ,https://tiki.vn/cua-hang/sang-tao-tre
2080,Ecoblader,https://tiki.vn/cua-hang/ecoblader
79981,Bookstores,https://tiki.vn/cua-hang/bookstores
10984,Minhhabooks,https://tiki.vn/cua-hang/minhhabooks
279775,thutrang34,https://tiki.vn/cua-hang/thutrang34
117328,BizUni,https://tiki.vn/cua-hang/bizuni
154578,Diễn đàn Yoga,https://tiki.vn/cua-hang/dien-dan-yoga
76796,Vietstore24h,https://tiki.vn/cua-hang/vietstore24h
276152,Nicebooks,https://tiki.vn/cua-hang/nicebooks
60843,PLM Trading,https://tiki.vn/cua-hang/plm-trading
324053,Nhà Sách Dalifa,https://tiki.vn/cua-hang/nha-sach-dalifa
132725,Lovebooks,https://tiki.vn/cua-hang/lovebooks
2704,Nhà Xuất Bản Phụ Nữ Việt Nam,https://tiki.vn/cua-hang/nha-xuat-ban-phu-nu-viet-nam
14168,WABOOKS,https://tiki.vn/cua-hang/wabooks-sach-nhat-ban
247324,Cửa hàng Phương Phương,https://tiki.vn/cua-hang/cua-hang-phuong-phuong
156668,Dạy Con Tri Thức,https://tiki.vn/cua-hang/day-con-tri-thuc
190089,Mộc Nhiên Kids Store,https://tiki.vn/cua-hang/moc-nhien-kids-store
127920,1980 BOOKS HCM,https://tiki.vn/cua-hang/1980-books-hcm
170925,Dtpbooks,https://tiki.vn/cua-hang/dtpbooks
285561,JINHOME,https://tiki.vn/cua-hang/jinhome
1686,TAKI,https://tiki.vn/cua-hang/taki
291080,ShopAnZ,https://tiki.vn/cua-hang/shopanz
338624,Ngôi Nhà Hiện Đại,https://tiki.vn/cua-hang/ngoi-nha-hien-dai
223928,BÌNH BÁN BOOK,https://tiki.vn/cua-hang/binh-ban-book
106273,Hitech07,https://tiki.vn/cua-hang/hitech07
167545,Kho hàng Hạnh Phạm SG,https://tiki.vn/cua-hang/kho-hang-hanh-pham-sg
197,VIETNAMBOOK,https://tiki.vn/cua-hang/vinabook-jsc
148711,SmartHome9x,https://tiki.vn/cua-hang/smarthome9x
236714,Luciostore,https://tiki.vn/cua-hang/luciostore
109134,Đinh Tị Books Official,https://tiki.vn/cua-hang/nha-sach-dinh-ti
254395,THANH PHÚC SHOP,https://tiki.vn/cua-hang/thanh-phuc-shop
6350,WooBoBooks,https://tiki.vn/cua-hang/woobobooks
342633,Quán Sách Socha,https://tiki.vn/cua-hang/quan-sach-socha
47795,MHbooks,https://tiki.vn/cua-hang/mhbooks
12954,MCBooks,https://tiki.vn/cua-hang/mcbooks
135036,MEGABOOK,https://tiki.vn/cua-hang/megabook
257236,huongbooks,https://tiki.vn/cua-hang/huongbooks
188804,Toy baby Alice,https://tiki.vn/cua-hang/toy-baby-alice
176907,Tạp chí Forbes,https://tiki.vn/cua-hang/tap-chi-forbes
224750,DunCan97,https://tiki.vn/cua-hang/duncan97
292852,Phụ kiện văn phòng Mega,https://tiki.vn/cua-hang/phu-kien-van-phong-mega
22984,Văn Phòng Phẩm Văn Phòng Xanh,https://tiki.vn/cua-hang/van-phong-pham-van-phong-xanh
344165,Bách Hóa Hồng Hạnh 2009,https://tiki.vn/cua-hang/bach-hoa-hong-hanh-2009
105,LATA OFFICIAL,https://tiki.vn/cua-hang/lata
171422,Van phong pham NBK,https://tiki.vn/cua-hang/van-phong-pham-nbk
10039,Nhà sách Nam Trung Yên,https://tiki.vn/cua-hang/nha-sach-nam-trung-yen
64561,Thiên Long Official Store,https://tiki.vn/cua-hang/thien-long-official-store
267978,RIN,https://tiki.vn/cua-hang/rin
3644,Hoành Gia store,https://tiki.vn/cua-hang/hoanh-gia-store
11448,Gigabuy,https://tiki.vn/cua-hang/gigabuy
171392,Vpp Uyên Loan,https://tiki.vn/cua-hang/vpp-uyen-loan
183678,Phụ kiện giới trẻ,https://tiki.vn/cua-hang/phu-kien-gioi-tre
27525,Diệp Linh,https://tiki.vn/cua-hang/diep-linh
179484,Huy Hoang Bookstore,https://tiki.vn/cua-hang/huy-hoang-bookstore
117494,Ánh Dương Bookstore,https://tiki.vn/cua-hang/anh-duong-bookstore
61383,XuXuBook,https://tiki.vn/cua-hang/xuxubook
239239,Thiên Nhiên Tâm Mart,https://tiki.vn/cua-hang/thien-nhien-tam-mart
166194,Daisanbooks,https://tiki.vn/cua-hang/daisanbooks
260511,MCBooks Hạnh Phúc,https://tiki.vn/cua-hang/bizbooks-h
305574,Gia Dụng Ngôi Nhà Xanh,https://tiki.vn/cua-hang/gia-dung-ngoi-nha-xanh
214282,siêu thi gia dung tien ich Manh Van,https://tiki.vn/cua-hang/sieu-thi-gia-dung-tien-ich-manh-van
101957,THAIHABOOKS,https://tiki.vn/cua-hang/thaihabooks
189565,Nhà Xuất Bản Trẻ,https://tiki.vn/cua-hang/nha-xuat-ban-tre
150,Văn Lang Official Store,https://tiki.vn/cua-hang/van-lang
280721,Gia Dụng Phúc Thanh,https://tiki.vn/cua-hang/gia-dung-phuc-thanh
271188,VPP PHAN GIA,https://tiki.vn/cua-hang/vpp-phan-gia
239039,Gia Dụng Đăng Khôi,https://tiki.vn/cua-hang/gia-dung-dang-khoi
291107,An Vy store,https://tiki.vn/cua-hang/an-vy-store
57515,Văn Phòng Phẩm Hồng Hà Official,https://tiki.vn/cua-hang/van-phong-pham-hong-ha-official
109746,VinBuy,https://tiki.vn/cua-hang/vinbuy
275606,SÁCH TRÍ TUỆ,https://tiki.vn/cua-hang/sach-tri-tue
130150,Mibooks,https://tiki.vn/cua-hang/mibooks
270844,MiNaBooks,https://tiki.vn/cua-hang/minabooks
215045,siêu thị gia dụng tiện ích,https://tiki.vn/cua-hang/sieu-thi-gia-dung-tien-ich
1,Tiki Trading,https://tiki.vn/cua-hang/tiki-trading
158877,Liên Minh 1974,https://tiki.vn/cua-hang/lien-minh-1974
329374,HN COMPUTER,https://tiki.vn/cua-hang/hn-computer
263635,Sunbook Store,https://tiki.vn/cua-hang/sunbook-store
25133,Pandabooks Hiệu Sách,https://tiki.vn/cua-hang/pandabooks-hieu-sach
177961,Kho hàng Nguyễn Thúy Sài Gòn,https://tiki.vn/cua-hang/kho-hang-nguyen-thuy-sai-gon
28122,shopthoitranganhnguyen,https://tiki.vn/cua-hang/shopthoitranganhnguyen
64160,Công Nghệ July,https://tiki.vn/cua-hang/cong-nghe-july
362,Công nghệ Song Tín,https://tiki.vn/cua-hang/cong-nghe-song-tin
239151,Happy Kids books,https://tiki.vn/cua-hang/happy-kids-books
670,Cá Chép Bookstore,https://tiki.vn/cua-hang/ca-chep-bookstore
326683,FishingBook,https://tiki.vn/cua-hang/fishingbook
151141,BÀO NGƯ,https://tiki.vn/cua-hang/bao-ngu
171251,Nhà Sách Nam MeKong,https://tiki.vn/cua-hang/nha-sach-nam-mekong
47545,Nhà sách Minh Tâm,https://tiki.vn/cua-hang/nha-sach-minh-tam
119930,Nhà Xuất Bản Kim Đồng,https://tiki.vn/cua-hang/nha-xuat-ban-kim-dong
135715,Shop60s,https://tiki.vn/cua-hang/shop60s
217563,Casa Sunshine,https://tiki.vn/cua-hang/casa-sunshine
31353,NXB TỔNG HỢP,https://tiki.vn/cua-hang/nxb-tong-hop
65806,Nhà sách Ánh Dương,https://tiki.vn/cua-hang/nha-sach-anh-duong
2918,First News,https://tiki.vn/cua-hang/first-news
57222,Anbert Manga Shop,https://tiki.vn/cua-hang/anbert-manga-shop
140393,Nhà Sách Dân Tiếng Trung,https://tiki.vn/cua-hang/nha-sach-dan-tieng-trung
291075,shop đồ chơi công nghệ mới,https://tiki.vn/cua-hang/shop-do-choi-cong-nghe-moi
298816,Mỹ phẩm Trinh Store,https://tiki.vn/cua-hang/my-pham-trinh-store
204329,Nhà Sách Tú Anh,https://tiki.vn/cua-hang/nha-sach-tu-anh
133533,EVI STORE,https://tiki.vn/cua-hang/evi-store
232908,Gia dụng tiện ích HH,https://tiki.vn/cua-hang/gia-dung-tien-ich-hh
263994,Taurus 1987,https://tiki.vn/cua-hang/taurus-1987
243183,Korichi Official,https://tiki.vn/cua-hang/korichi-official
68619,FinFin,https://tiki.vn/cua-hang/finfinvn
156093,TDBOOK,https://tiki.vn/cua-hang/tdbook
141350,Tùng Phan Books,https://tiki.vn/cua-hang/polaris-academy
264333,Sách Doanh Nhân,https://tiki.vn/cua-hang/sach-doanh-nhan
72038,BASIC STORE,https://tiki.vn/cua-hang/basic-store
175064,BookshopMoon,https://tiki.vn/cua-hang/bookshopmoon
16979,GOLD BOOKS,https://tiki.vn/cua-hang/gold-books
127914,HAPPY BABY BOOKS,https://tiki.vn/cua-hang/happy-baby-books
174974,MIMI20 SHOP,https://tiki.vn/cua-hang/mimi20-shop
154137,Cầu Vồng Store,https://tiki.vn/cua-hang/cau-vong-store
206561,gia dụng tiện ích thái bình,https://tiki.vn/cua-hang/gia-dung-tien-ich-thai-binh
12696,Blue Horizon Books,https://tiki.vn/cua-hang/blue-horizon-books
248554,aacboks,https://tiki.vn/cua-hang/aacboks
229927,Đông A Books Official,https://tiki.vn/cua-hang/dong-a-books-official
41568,AN HOA BOOK,https://tiki.vn/cua-hang/an-hoa-book
298948,ZuBu Shop,https://tiki.vn/cua-hang/zubu-shop
87626,Namquynhshop,https://tiki.vn/cua-hang/namquynhshop
119791,Ngochy,https://tiki.vn/cua-hang/ngochy
182076,Minh Khang Books,https://tiki.vn/cua-hang/minh-khang-books
58166,Bột Nặn Lúa Mì Lumisa,https://tiki.vn/cua-hang/bot-nan-lua-mi-lumisa
47979,Tủ sách thiếu nhi UIH,https://tiki.vn/cua-hang/tu-sach-thieu-nhi-uih
264593,Tí Tởn Shop Đồ gia dụng,https://tiki.vn/cua-hang/ti-ton-shop-do-gia-dung
6351,Siêu Thị Linh Kiện,https://tiki.vn/cua-hang/sieu-thi-linh-kien
129570,Nhà Sách Minh Đức,https://tiki.vn/cua-hang/nha-sach-minh-duc
116426,Phúc Minh Books,https://tiki.vn/cua-hang/phuc-minh-books
164136,BOOKS CITY,https://tiki.vn/cua-hang/books-city
110426,Tủ sách Hoa Hướng Dương,https://tiki.vn/cua-hang/tu-sach-hoa-huong-duong
342437,LÊ NGHĨA,https://tiki.vn/cua-hang/le-nghia
248502,Cua Đồng,https://tiki.vn/cua-hang/cua-dong
203036,Bum Bum House,https://tiki.vn/cua-hang/bum-bum-house
273117,Hadu Home,https://tiki.vn/cua-hang/hadu-home
151448,Chimsedinang,https://tiki.vn/cua-hang/chimsedinang
250697,AN THƯ BOOK,https://tiki.vn/cua-hang/an-thu-book
111899,Sống Official,https://tiki.vn/cua-hang/abcbooks
44,Nhân Văn,https://tiki.vn/cua-hang/nhan-van
178049,Bùi Thị Anh,https://tiki.vn/cua-hang/bui-thi-anh
306978,Temi Book,https://tiki.vn/cua-hang/temi-book
121593,B and I Vietnam,https://tiki.vn/cua-hang/b-and-i-vietnam
334440,SEA BOOKS,https://tiki.vn/cua-hang/sea-books
9988,AHABOOKS,https://tiki.vn/cua-hang/ahabooks
10821,nha sach nguyet linh,https://tiki.vn/cua-hang/nha-sach-nguyet-linh
175727,Nemmart,https://tiki.vn/cua-hang/nemmart
290525,Nhà Sách Sài Gòn,https://tiki.vn/cua-hang/nha-sach-sai-gon
159932,Hodico,https://tiki.vn/cua-hang/hodico
175953,Skybooks Official Store,https://tiki.vn/cua-hang/skybooks-official-store
305941,Hỗ Trợ Phát Triển Giáo Dục Cửu Long,https://tiki.vn/cua-hang/ho-tro-phat-trien-giao-duc-cuu-long
246808,VPP LÂM KHANG,https://tiki.vn/cua-hang/vpp-lam-khang
6867,SG Trading,https://tiki.vn/cua-hang/sg-trading
2987,Tiệc Xinh,https://tiki.vn/cua-hang/tiecxinh360
128392,trituepk,https://tiki.vn/cua-hang/trituepk
272162,Sách TKBooks ,https://tiki.vn/cua-hang/sach-mcbook
872,Mọt sách Mogu,https://tiki.vn/cua-hang/mot-sach-mogu
141792,Shop Mạnh Tiến,https://tiki.vn/cua-hang/shop-manh-tien
57650,Nhà sách Mạnh Hùng,https://tiki.vn/cua-hang/nha-sach-manh-hung
302285,MODDA,https://tiki.vn/cua-hang/modda
1419,Ez Baby,https://tiki.vn/cua-hang/ez-baby
169148,Zenbooks Official ,https://tiki.vn/cua-hang/zenbooks-official
24129,SusuFamily,https://tiki.vn/cua-hang/susufamily
83592,NVP,https://tiki.vn/cua-hang/nvp
62303,Tiệm Sách Minh Vân,https://tiki.vn/cua-hang/tiem-sach-minh-van
143712,VMATs,https://tiki.vn/cua-hang/vmats
155225,BOOKS AND LIFE,https://tiki.vn/cua-hang/books-and-life
510,WTBOOKS,https://tiki.vn/cua-hang/wtbooks
259784,Bảo Châu Books,https://tiki.vn/cua-hang/bao-chau-books
48793,Nhà Sách Tri Văn,https://tiki.vn/cua-hang/nha-sach-tri-van
191455,Tiệm Sách Kén Nhỏ,https://tiki.vn/cua-hang/tiem-sach-ken-nho
227145,CỦ SU HÀO,https://tiki.vn/cua-hang/cu-su-hao
291069,RUBY2,https://tiki.vn/cua-hang/ruby2
82087,Nhà Sách Lifebooks,https://tiki.vn/cua-hang/nha-sach-lifebooks
124753,Hiệu Sách Tự Do,https://tiki.vn/cua-hang/hieu-sach-tu-do
161336,BabyFace Shop,https://tiki.vn/cua-hang/babyface-shop
47548,Nhà sách Chi An,https://tiki.vn/cua-hang/nha-sach-chi-an
299960,Arthouse Shop,https://tiki.vn/cua-hang/arthouse-shop
145814,Omega Plus Books,https://tiki.vn/cua-hang/omega-plus-books
6034,TÍN NGHĨA,https://tiki.vn/cua-hang/tin-nghia
212853,GIA DỤNG AN TÂM,https://tiki.vn/cua-hang/gia-dung-an-tam
126688,info book,https://tiki.vn/cua-hang/info-book
247980,Văn Phòng Phẩm V20 Hà Nội,https://tiki.vn/cua-hang/van-phong-pham-v20-ha-noi
256451,GIA DỤNG MINH CHÚC,https://tiki.vn/cua-hang/gia-dung-minh-chuc
6818,Nhà sách Nam Việt,https://tiki.vn/cua-hang/nha-sach-nam-viet
116922,TUANVIET BOOKS Official Store,https://tiki.vn/cua-hang/in-tuan-viet
9944,Công ty TNHH dịch vụ Hà Nội Capital,https://tiki.vn/cua-hang/cong-ty-tnhh-dich-vu-ha-noi-capital
111296,Thanh Hương Books,https://tiki.vn/cua-hang/thanh-huong-books
309465,HTH Shop,https://tiki.vn/cua-hang/hth-shop
208994,Changsbook,https://tiki.vn/cua-hang/changsbook
54507,BOOKCITY.VN,https://tiki.vn/cua-hang/bookcity-vn
62437,Haidangbooks,https://tiki.vn/cua-hang/haidangbooks
30991,Sổ tay Self Planner,https://tiki.vn/cua-hang/mangue-handmade-shop
130137,Anh Ngữ VIVIAN,https://tiki.vn/cua-hang/anh-ngu-vivian
163106,TTR Next Generation,https://tiki.vn/cua-hang/ttr-next-generation
279977,Tiệm sách Minh Hằng,https://tiki.vn/cua-hang/tiem-sach-minh-hang
281062,Bamboo Books,https://tiki.vn/cua-hang/bamboo-books
177660,Đồ Gia Dụng Hoàng Anh,https://tiki.vn/cua-hang/do-gia-dung-hoang-anh
282800,KEN SHOPP,https://tiki.vn/cua-hang/ken-shopp
158247,Nhà Sách Hoa Sen,https://tiki.vn/cua-hang/nha-sach-hoa-sen
235631,Fastboy,https://tiki.vn/cua-hang/fastboy
68906,Nhà sách Có Đủ Cả,https://tiki.vn/cua-hang/nha-sach-co-du-ca
171393,Đồ gia dụng thủ đức 85,https://tiki.vn/cua-hang/do-gia-dung-thu-duc-85
10511,Geta,https://tiki.vn/cua-hang/geta
88184,S2 shop,https://tiki.vn/cua-hang/s2-shop
